dhs_cc,ctry_code,surv_id,file_type,phase
AF,AF,471,BR,71
AF,AF,471,CR,71
AF,AF,348,HH,66
AF,AF,471,HR,71
AF,AF,348,IQ,66
AF,AF,471,IR,71
AF,AF,471,KR,71
AF,AF,471,MR,71
AF,AF,471,PR,71
AF,AF,348,VA,66
AL,AL,327,BR,51
AL,AL,525,BR,71
AL,AL,327,CR,51
AL,AL,525,CR,71
AL,AL,327,HR,51
AL,AL,525,HR,71
AL,AL,327,IR,51
AL,AL,525,IR,71
AL,AL,327,KR,51
AL,AL,525,KR,71
AL,AL,327,MR,51
AL,AL,525,MR,71
AL,AL,327,PR,51
AL,AL,525,PR,71
AL,AL,327,GE,51
AL,AL,525,GE,71
AO,AO,395,BR,62
AO,AO,477,BR,71
AO,AO,569,BR,81
AO,AO,477,CR,71
AO,AO,569,CR,81
AO,AO,282,HR,51
AO,AO,395,HR,62
AO,AO,477,HR,71
AO,AO,569,HR,81
AO,AO,282,IR,51
AO,AO,395,IR,62
AO,AO,477,IR,71
AO,AO,569,IR,81
AO,AO,282,KR,51
AO,AO,395,KR,62
AO,AO,477,KR,71
AO,AO,569,KR,81
AO,AO,477,MR,71
AO,AO,569,MR,81
AO,AO,282,PR,51
AO,AO,395,PR,62
AO,AO,477,PR,71
AO,AO,569,PR,81
AO,AO,282,GE,52
AO,AO,395,GE,61
AO,AO,477,GE,71
AO,AO,569,GE,81
AM,AM,203,BR,42
AM,AM,262,BR,54
AM,AM,354,BR,61
AM,AM,492,BR,72
AM,AM,203,CR,42
AM,AM,262,CR,52
AM,AM,354,CR,61
AM,AM,492,CR,72
AM,AM,203,HR,42
AM,AM,262,HR,54
AM,AM,354,HR,61
AM,AM,492,HR,72
AM,AM,203,HW,41
AM,AM,262,HW,52
AM,AM,203,IR,42
AM,AM,262,IR,54
AM,AM,354,IR,61
AM,AM,492,IR,72
AM,AM,203,KR,42
AM,AM,262,KR,54
AM,AM,354,KR,61
AM,AM,492,KR,72
AM,AM,203,MR,41
AM,AM,262,MR,52
AM,AM,354,MR,61
AM,AM,492,MR,72
AM,AM,203,PR,42
AM,AM,262,PR,54
AM,AM,354,PR,61
AM,AM,492,PR,72
AM,AM,203,WI,42
AM,AM,354,GE,61
AM,AM,492,GE,71
AZ,AZ,279,BR,52
AZ,AZ,279,CR,52
AZ,AZ,279,HR,52
AZ,AZ,279,IR,52
AZ,AZ,279,KR,52
AZ,AZ,279,MR,52
AZ,AZ,279,PR,52
BD,BD,59,BR,31
BD,BD,89,BR,3A
BD,BD,135,BR,41
BD,BD,236,BR,4J
BD,BD,287,BR,51
BD,BD,349,BR,61
BD,BD,461,BR,72
BD,BD,536,BR,7R
BD,BD,584,BR,81
BD,BD,59,CR,31
BD,BD,89,CR,3A
BD,BD,135,CR,41
BD,BD,236,CR,4J
BD,BD,287,CR,51
BD,BD,349,CR,61
BD,BD,137,HH,4A
BD,BD,59,HR,31
BD,BD,89,HR,3A
BD,BD,135,HR,41
BD,BD,236,HR,4J
BD,BD,287,HR,51
BD,BD,349,HR,61
BD,BD,461,HR,72
BD,BD,536,HR,7R
BD,BD,584,HR,81
BD,BD,89,HW,3A
BD,BD,135,HW,41
BD,BD,236,HW,4J
BD,BD,137,IQ,4A
BD,BD,59,IR,31
BD,BD,89,IR,3A
BD,BD,135,IR,41
BD,BD,236,IR,4J
BD,BD,287,IR,51
BD,BD,349,IR,61
BD,BD,461,IR,72
BD,BD,536,IR,7R
BD,BD,584,IR,81
BD,BD,59,KR,31
BD,BD,89,KR,3A
BD,BD,135,KR,41
BD,BD,236,KR,4J
BD,BD,287,KR,51
BD,BD,349,KR,61
BD,BD,461,KR,72
BD,BD,536,KR,7R
BD,BD,584,KR,81
BD,BD,59,MR,31
BD,BD,89,MR,3A
BD,BD,135,MR,41
BD,BD,236,MR,4J
BD,BD,287,MR,51
BD,BD,349,MR,61
BD,BD,59,PR,31
BD,BD,89,PR,3A
BD,BD,135,PR,41
BD,BD,236,PR,4J
BD,BD,287,PR,51
BD,BD,349,PR,61
BD,BD,461,PR,72
BD,BD,536,PR,7R
BD,BD,584,PR,81
BD,BD,59,SQ,35
BD,BD,89,SQ,3A
BD,BD,236,SQ,4I
BD,BD,287,SQ,51
BD,BD,349,SQ,61
BD,BD,461,SQ,71
BD,BD,536,SQ,7R
BD,BD,137,VA,4A
BD,BD,236,VA,4I
BD,BD,349,VA,62
BD,BD,536,VA,7R
BD,BD,584,VA,81
BD,BD,59,WI,31
BD,BD,89,WI,3A
BD,BD,135,WI,41
BD,BD,135,GE,42
BD,BD,236,GE,4J
BD,BD,287,GE,52
BD,BD,349,GE,61
BD,BD,461,GE,71
BD,BD,536,GE,7S
BD,BD,584,GE,81
BJ,BJ,87,BR,31
BJ,BJ,211,BR,41
BJ,BJ,289,BR,51
BJ,BJ,420,BR,61
BJ,BJ,491,BR,71
BJ,BJ,87,CR,31
BJ,BJ,211,CR,41
BJ,BJ,289,CR,51
BJ,BJ,420,CR,61
BJ,BJ,491,CR,71
BJ,BJ,87,HR,31
BJ,BJ,211,HR,41
BJ,BJ,289,HR,51
BJ,BJ,420,HR,61
BJ,BJ,491,HR,71
BJ,BJ,87,HW,31
BJ,BJ,211,HW,41
BJ,BJ,87,IR,31
BJ,BJ,211,IR,41
BJ,BJ,289,IR,51
BJ,BJ,420,IR,61
BJ,BJ,491,IR,71
BJ,BJ,87,KR,31
BJ,BJ,211,KR,41
BJ,BJ,289,KR,51
BJ,BJ,420,KR,61
BJ,BJ,491,KR,71
BJ,BJ,87,MR,31
BJ,BJ,211,MR,41
BJ,BJ,289,MR,51
BJ,BJ,420,MR,61
BJ,BJ,491,MR,71
BJ,BJ,87,PR,31
BJ,BJ,211,PR,41
BJ,BJ,289,PR,51
BJ,BJ,420,PR,61
BJ,BJ,491,PR,71
BJ,BJ,87,SQ,38
BJ,BJ,211,SQ,41
BJ,BJ,289,SQ,51
BJ,BJ,87,WI,31
BJ,BJ,211,WI,41
BJ,BJ,87,GE,33
BJ,BJ,211,GE,42
BJ,BJ,420,GE,61
BJ,BJ,491,GE,71
BO,BO,28,BR,01
BO,BO,65,BR,31
BO,BO,98,BR,3B
BO,BO,238,BR,41
BO,BO,319,BR,51
BO,BO,98,CR,3B
BO,BO,238,CR,41
BO,BO,319,CR,51
BO,BO,28,HH,01
BO,BO,65,HH,33
BO,BO,65,HR,31
BO,BO,98,HR,3B
BO,BO,238,HR,41
BO,BO,319,HR,51
BO,BO,28,HW,01
BO,BO,65,HW,31
BO,BO,98,HW,3B
BO,BO,238,HW,41
BO,BO,65,IQ,33
BO,BO,28,IR,01
BO,BO,65,IR,31
BO,BO,98,IR,3B
BO,BO,238,IR,41
BO,BO,319,IR,51
BO,BO,28,KR,01
BO,BO,65,KR,31
BO,BO,98,KR,3B
BO,BO,238,KR,41
BO,BO,319,KR,51
BO,BO,98,MR,3B
BO,BO,238,MR,41
BO,BO,319,MR,51
BO,BO,65,PR,31
BO,BO,98,PR,3B
BO,BO,238,PR,41
BO,BO,319,PR,51
BO,BO,65,SQ,33
BO,BO,65,WI,31
BO,BO,98,WI,3B
BO,BO,319,GE,53
BR,BR,2,BR,01
BR,BR,40,BR,21
BR,BR,85,BR,31
BR,BR,85,CR,31
BR,BR,2,HH,02
BR,BR,40,HR,21
BR,BR,85,HR,31
BR,BR,2,HW,01
BR,BR,85,HW,31
BR,BR,2,IR,01
BR,BR,40,IR,21
BR,BR,85,IR,31
BR,BR,2,KR,01
BR,BR,40,KR,21
BR,BR,85,KR,31
BR,BR,85,MR,31
BR,BR,40,PR,21
BR,BR,85,PR,31
BR,BR,85,WI,31
BF,BF,42,BR,21
BF,BF,116,BR,31
BF,BF,230,BR,43
BF,BF,329,BR,62
BF,BF,562,BR,81
BF,BF,42,CR,21
BF,BF,116,CR,31
BF,BF,230,CR,41
BF,BF,329,CR,62
BF,BF,562,CR,81
BF,BF,42,HR,21
BF,BF,116,HR,31
BF,BF,230,HR,43
BF,BF,329,HR,62
BF,BF,481,HR,71
BF,BF,526,HR,7A
BF,BF,562,HR,81
BF,BF,42,HW,21
BF,BF,116,HW,31
BF,BF,230,HW,43
BF,BF,42,IR,21
BF,BF,116,IR,31
BF,BF,230,IR,43
BF,BF,329,IR,62
BF,BF,481,IR,71
BF,BF,526,IR,7A
BF,BF,562,IR,81
BF,BF,42,KR,21
BF,BF,116,KR,31
BF,BF,230,KR,43
BF,BF,329,KR,62
BF,BF,481,KR,71
BF,BF,526,KR,7A
BF,BF,562,KR,81
BF,BF,42,MR,21
BF,BF,116,MR,31
BF,BF,230,MR,41
BF,BF,329,MR,62
BF,BF,562,MR,81
BF,BF,42,PR,21
BF,BF,116,PR,31
BF,BF,230,PR,44
BF,BF,329,PR,62
BF,BF,481,PR,71
BF,BF,526,PR,7A
BF,BF,562,PR,81
BF,BF,42,SQ,22
BF,BF,42,WI,21
BF,BF,116,WI,31
BF,BF,42,GE,23
BF,BF,116,GE,32
BF,BF,230,GE,43
BF,BF,329,GE,61
BF,BF,481,GE,71
BF,BF,526,GE,7A
BF,BF,562,GE,81
BU,BU,16,BR,01
BU,BU,346,BR,61
BU,BU,463,BR,71
BU,BU,346,CR,61
BU,BU,463,CR,71
BU,BU,16,HH,02
BU,BU,346,HR,61
BU,BU,446,HR,6A
BU,BU,463,HR,71
BU,BU,16,HW,01
BU,BU,16,IR,02
BU,BU,346,IR,61
BU,BU,446,IR,6A
BU,BU,463,IR,71
BU,BU,16,KR,01
BU,BU,346,KR,61
BU,BU,446,KR,6A
BU,BU,463,KR,71
BU,BU,346,MR,61
BU,BU,463,MR,71
BU,BU,346,PR,61
BU,BU,446,PR,6A
BU,BU,463,PR,71
BU,BU,16,SQ,02
BU,BU,346,GE,61
BU,BU,446,GE,6A
BU,BU,463,GE,71
KH,KH,140,BR,42
KH,KH,257,BR,51
KH,KH,310,BR,61
KH,KH,464,BR,73
KH,KH,558,BR,82
KH,KH,257,CR,51
KH,KH,464,CR,73
KH,KH,558,CR,82
KH,KH,139,HH,31
KH,KH,140,HR,42
KH,KH,257,HR,51
KH,KH,310,HR,61
KH,KH,464,HR,73
KH,KH,558,HR,82
KH,KH,140,HW,42
KH,KH,257,HW,51
KH,KH,139,IQ,31
KH,KH,140,IR,42
KH,KH,257,IR,51
KH,KH,310,IR,61
KH,KH,464,IR,73
KH,KH,558,IR,82
KH,KH,140,KR,42
KH,KH,257,KR,51
KH,KH,310,KR,61
KH,KH,464,KR,73
KH,KH,558,KR,82
KH,KH,257,MR,51
KH,KH,310,MR,61
KH,KH,464,MR,72
KH,KH,558,MR,82
KH,KH,140,PR,42
KH,KH,257,PR,51
KH,KH,310,PR,61
KH,KH,464,PR,73
KH,KH,558,PR,82
KH,KH,140,WI,41
KH,KH,140,GE,43
KH,KH,257,GE,51
KH,KH,310,GE,62
KH,KH,464,GE,71
KH,KH,558,GE,81
CM,CM,38,BR,22
CM,CM,101,BR,31
CM,CM,232,BR,44
CM,CM,337,BR,61
CM,CM,511,BR,71
CM,CM,38,CR,21
CM,CM,101,CR,31
CM,CM,232,CR,44
CM,CM,337,CR,61
CM,CM,511,CR,71
CM,CM,38,HR,22
CM,CM,101,HR,31
CM,CM,232,HR,44
CM,CM,337,HR,61
CM,CM,511,HR,71
CM,CM,563,HR,82
CM,CM,38,HW,22
CM,CM,101,HW,31
CM,CM,232,HW,44
CM,CM,38,IR,22
CM,CM,101,IR,31
CM,CM,232,IR,44
CM,CM,337,IR,61
CM,CM,511,IR,71
CM,CM,563,IR,82
CM,CM,38,KR,21
CM,CM,101,KR,31
CM,CM,232,KR,44
CM,CM,337,KR,61
CM,CM,511,KR,71
CM,CM,563,KR,82
CM,CM,38,MR,21
CM,CM,101,MR,31
CM,CM,232,MR,44
CM,CM,337,MR,61
CM,CM,511,MR,71
CM,CM,38,PR,22
CM,CM,101,PR,31
CM,CM,232,PR,45
CM,CM,337,PR,61
CM,CM,511,PR,71
CM,CM,563,PR,82
CM,CM,38,SQ,21
CM,CM,38,WI,22
CM,CM,101,WI,31
CM,CM,38,GE,23
CM,CM,232,GE,42
CM,CM,337,GE,61
CM,CM,511,GE,71
CM,CM,563,GE,81
CF,CF,66,BR,31
CF,CF,66,CR,31
CF,CF,66,HR,31
CF,CF,66,HW,31
CF,CF,66,IR,31
CF,CF,66,KR,31
CF,CF,66,MR,31
CF,CF,66,PR,31
CF,CF,66,SQ,33
CF,CF,66,WI,31
CF,CF,66,GE,33
TD,TD,83,BR,31
TD,TD,215,BR,41
TD,TD,465,BR,71
TD,TD,83,CR,31
TD,TD,215,CR,41
TD,TD,465,CR,71
TD,TD,83,HR,31
TD,TD,215,HR,41
TD,TD,465,HR,71
TD,TD,83,HW,31
TD,TD,215,HW,41
TD,TD,83,IR,31
TD,TD,215,IR,41
TD,TD,465,IR,71
TD,TD,83,KR,31
TD,TD,215,KR,41
TD,TD,465,KR,71
TD,TD,83,MR,31
TD,TD,215,MR,41
TD,TD,465,MR,71
TD,TD,83,PR,31
TD,TD,215,PR,41
TD,TD,465,PR,71
TD,TD,83,SQ,32
TD,TD,215,SQ,41
TD,TD,83,WI,31
TD,TD,465,GE,71
CO,CO,4,BR,01
CO,CO,30,BR,22
CO,CO,72,BR,31
CO,CO,141,BR,41
CO,CO,255,BR,53
CO,CO,381,BR,61
CO,CO,476,BR,72
CO,CO,476,CR,71
CO,CO,4,HH,02
CO,CO,30,HR,22
CO,CO,72,HR,31
CO,CO,141,HR,41
CO,CO,255,HR,53
CO,CO,381,HR,61
CO,CO,476,HR,72
CO,CO,4,HW,01
CO,CO,72,HW,31
CO,CO,141,HW,41
CO,CO,255,HW,51
CO,CO,4,IR,01
CO,CO,30,IR,22
CO,CO,72,IR,31
CO,CO,141,IR,41
CO,CO,255,IR,53
CO,CO,381,IR,61
CO,CO,476,IR,72
CO,CO,4,KR,01
CO,CO,30,KR,22
CO,CO,72,KR,31
CO,CO,141,KR,41
CO,CO,255,KR,53
CO,CO,381,KR,61
CO,CO,476,KR,72
CO,CO,476,MR,71
CO,CO,381,OD,61
CO,CO,30,PR,22
CO,CO,72,PR,31
CO,CO,141,PR,41
CO,CO,255,PR,53
CO,CO,381,PR,61
CO,CO,476,PR,72
CO,CO,4,SQ,01
CO,CO,30,WI,22
CO,CO,72,WI,31
CO,CO,141,WI,41
CO,CO,381,GE,61
KM,KM,93,BR,32
KM,KM,443,BR,61
KM,KM,93,CR,31
KM,KM,443,CR,61
KM,KM,93,HR,32
KM,KM,443,HR,61
KM,KM,93,HW,32
KM,KM,93,IR,32
KM,KM,443,IR,61
KM,KM,93,KR,31
KM,KM,443,KR,61
KM,KM,93,MR,31
KM,KM,443,MR,61
KM,KM,93,PR,32
KM,KM,443,PR,61
KM,KM,93,WI,32
KM,KM,443,GE,61
CG,CG,267,BR,51
CG,CG,388,BR,61
CG,CG,267,CR,51
CG,CG,388,CR,61
CG,CG,267,HR,51
CG,CG,370,HR,5A
CG,CG,388,HR,61
CG,CG,267,HW,51
CG,CG,267,IR,51
CG,CG,370,IR,5A
CG,CG,388,IR,61
CG,CG,267,KR,51
CG,CG,388,KR,61
CG,CG,267,MR,51
CG,CG,388,MR,61
CG,CG,267,PR,51
CG,CG,370,PR,5A
CG,CG,388,PR,61
CD,CD,239,BR,51
CD,CD,421,BR,61
CD,CD,597,BR,81
CD,CD,239,CR,51
CD,CD,421,CR,61
CD,CD,597,CR,81
CD,CD,239,HR,51
CD,CD,421,HR,61
CD,CD,597,HR,81
CD,CD,239,IR,51
CD,CD,421,IR,61
CD,CD,597,IR,81
CD,CD,239,KR,51
CD,CD,421,KR,61
CD,CD,597,KR,81
CD,CD,239,MR,51
CD,CD,421,MR,61
CD,CD,597,MR,81
CD,CD,239,PR,51
CD,CD,421,PR,61
CD,CD,597,PR,81
CD,CD,239,GE,52
CD,CD,421,GE,61
CD,CD,597,GE,81
CI,CI,62,BR,35
CI,CI,106,BR,3A
CI,CI,231,BR,51
CI,CI,311,BR,62
CI,CI,559,BR,81
CI,CI,62,CR,35
CI,CI,106,CR,3A
CI,CI,311,CR,62
CI,CI,559,CR,81
CI,CI,62,HR,35
CI,CI,106,HR,3A
CI,CI,231,HR,51
CI,CI,311,HR,62
CI,CI,559,HR,81
CI,CI,62,HW,35
CI,CI,106,HW,3A
CI,CI,62,IR,35
CI,CI,106,IR,3A
CI,CI,231,IR,51
CI,CI,311,IR,62
CI,CI,559,IR,81
CI,CI,62,KR,35
CI,CI,106,KR,3A
CI,CI,231,KR,51
CI,CI,311,KR,62
CI,CI,559,KR,81
CI,CI,62,MR,33
CI,CI,106,MR,3A
CI,CI,311,MR,62
CI,CI,559,MR,81
CI,CI,62,PR,35
CI,CI,106,PR,3A
CI,CI,231,PR,51
CI,CI,311,PR,62
CI,CI,559,PR,81
CI,CI,62,SQ,33
CI,CI,62,WI,34
CI,CI,106,WI,3A
CI,CI,62,GE,33
CI,CI,106,GE,3B
CI,CI,311,GE,61
CI,CI,559,GE,81
DR,DR,5,BR,01
DR,DR,37,BR,21
DR,DR,92,BR,32
DR,DR,142,BR,41
DR,DR,210,BR,4B
DR,DR,291,BR,52
DR,DR,331,BR,5A
DR,DR,439,BR,61
DR,DR,490,BR,6A
DR,DR,92,CR,31
DR,DR,142,CR,41
DR,DR,210,CR,4B
DR,DR,291,CR,52
DR,DR,331,CR,5A
DR,DR,439,CR,61
DR,DR,490,CR,6A
DR,DR,5,HH,01
DR,DR,37,HR,21
DR,DR,92,HR,32
DR,DR,142,HR,41
DR,DR,210,HR,4B
DR,DR,291,HR,52
DR,DR,331,HR,5A
DR,DR,439,HR,61
DR,DR,490,HR,6A
DR,DR,5,HW,01
DR,DR,37,HW,21
DR,DR,92,HW,32
DR,DR,210,HW,4A
DR,DR,5,IR,01
DR,DR,37,IR,21
DR,DR,92,IR,32
DR,DR,142,IR,41
DR,DR,210,IR,4B
DR,DR,291,IR,52
DR,DR,331,IR,5A
DR,DR,439,IR,61
DR,DR,490,IR,6A
DR,DR,5,KR,01
DR,DR,37,KR,21
DR,DR,92,KR,31
DR,DR,142,KR,41
DR,DR,210,KR,4B
DR,DR,291,KR,52
DR,DR,331,KR,5A
DR,DR,439,KR,61
DR,DR,490,KR,6A
DR,DR,92,MR,31
DR,DR,142,MR,41
DR,DR,210,MR,4B
DR,DR,291,MR,52
DR,DR,331,MR,5A
DR,DR,439,MR,61
DR,DR,490,MR,6A
DR,DR,37,PR,21
DR,DR,92,PR,32
DR,DR,142,PR,41
DR,DR,210,PR,4B
DR,DR,291,PR,52
DR,DR,331,PR,5A
DR,DR,439,PR,61
DR,DR,490,PR,6A
DR,DR,5,SQ,01
DR,DR,37,SQ,23
DR,DR,92,WI,32
DR,DR,142,WI,41
DR,DR,210,WI,4A
DR,DR,291,GE,52
DR,DR,439,GE,61
DR,DR,490,GE,6A
EC,EC,15,BR,01
EC,EC,15,HH,01
EC,EC,15,IR,01
EC,EC,15,KR,01
EC,EC,15,SQ,01
EG,EG,24,BR,01
EG,EG,45,BR,21
EG,EG,71,BR,33
EG,EG,145,BR,42
EG,EG,240,BR,4A
EG,EG,272,BR,51
EG,EG,294,BR,5A
EG,EG,397,BR,61
EG,EG,24,HH,02
EG,EG,108,HH,3A
EG,EG,294,HH,5A
EG,EG,480,HH,73
EG,EG,45,HR,21
EG,EG,71,HR,33
EG,EG,145,HR,42
EG,EG,240,HR,4A
EG,EG,272,HR,51
EG,EG,294,HR,5A
EG,EG,397,HR,61
EG,EG,24,HW,01
EG,EG,45,HW,21
EG,EG,71,HW,33
EG,EG,145,HW,41
EG,EG,240,HW,4A
EG,EG,272,HW,51
EG,EG,108,IQ,3A
EG,EG,294,IQ,5A
EG,EG,480,IQ,73
EG,EG,24,IR,01
EG,EG,45,IR,21
EG,EG,71,IR,33
EG,EG,145,IR,42
EG,EG,240,IR,4A
EG,EG,272,IR,51
EG,EG,294,IR,5A
EG,EG,397,IR,61
EG,EG,24,KR,01
EG,EG,45,KR,21
EG,EG,71,KR,33
EG,EG,145,KR,42
EG,EG,240,KR,4A
EG,EG,272,KR,51
EG,EG,294,KR,5A
EG,EG,397,KR,61
EG,EG,294,OD,5A
EG,EG,45,PR,21
EG,EG,71,PR,33
EG,EG,145,PR,42
EG,EG,240,PR,4A
EG,EG,272,PR,51
EG,EG,294,PR,5A
EG,EG,397,PR,61
EG,EG,24,SQ,02
EG,EG,71,WI,32
EG,EG,145,WI,41
EG,EG,240,WI,4A
EG,EG,45,GE,22
EG,EG,71,GE,32
EG,EG,145,GE,42
EG,EG,240,GE,4B
EG,EG,272,GE,52
EG,EG,294,GE,5D
EG,EG,397,GE,61
ES,ES,1,BR,01
ES,ES,1,IR,01
SZ,SZ,259,BR,51
SZ,SZ,259,CR,51
SZ,SZ,259,HR,51
SZ,SZ,259,IR,51
SZ,SZ,259,KR,51
SZ,SZ,259,MR,51
SZ,SZ,259,PR,52
SZ,SZ,259,GE,53
ET,ET,147,BR,41
ET,ET,248,BR,51
ET,ET,359,BR,61
ET,ET,478,BR,71
ET,ET,551,BR,81
ET,ET,586,BR,8A
ET,ET,147,CR,41
ET,ET,248,CR,51
ET,ET,359,CR,61
ET,ET,478,CR,71
ET,ET,586,CR,8A
ET,ET,147,HR,41
ET,ET,248,HR,51
ET,ET,359,HR,61
ET,ET,478,HR,71
ET,ET,551,HR,81
ET,ET,586,HR,8A
ET,ET,147,HW,41
ET,ET,248,HW,51
ET,ET,147,IR,41
ET,ET,248,IR,51
ET,ET,359,IR,61
ET,ET,478,IR,71
ET,ET,551,IR,81
ET,ET,586,IR,8A
ET,ET,147,KR,41
ET,ET,248,KR,51
ET,ET,359,KR,61
ET,ET,478,KR,71
ET,ET,551,KR,81
ET,ET,586,KR,8A
ET,ET,147,MR,41
ET,ET,248,MR,51
ET,ET,359,MR,61
ET,ET,478,MR,71
ET,ET,586,MR,8A
ET,ET,147,PR,41
ET,ET,248,PR,51
ET,ET,359,PR,61
ET,ET,478,PR,71
ET,ET,551,PR,81
ET,ET,586,PR,8A
ET,ET,147,WI,41
ET,ET,147,GE,42
ET,ET,248,GE,52
ET,ET,359,GE,61
ET,ET,478,GE,71
ET,ET,551,GE,81
ET,ET,586,GE,8A
GA,GA,148,BR,41
GA,GA,402,BR,61
GA,GA,546,BR,71
GA,GA,148,CR,41
GA,GA,402,CR,61
GA,GA,546,CR,71
GA,GA,148,HR,41
GA,GA,402,HR,61
GA,GA,546,HR,71
GA,GA,148,HW,41
GA,GA,148,IR,41
GA,GA,402,IR,61
GA,GA,546,IR,71
GA,GA,148,KR,41
GA,GA,402,KR,61
GA,GA,546,KR,71
GA,GA,148,MR,41
GA,GA,402,MR,61
GA,GA,546,MR,71
GA,GA,148,PR,41
GA,GA,402,PR,61
GA,GA,546,PR,71
GA,GA,148,SQ,41
GA,GA,148,WI,41
GA,GA,402,GE,61
GA,GA,546,GE,71
GM,GM,425,BR,61
GM,GM,555,BR,81
GM,GM,425,CR,61
GM,GM,555,CR,81
GM,GM,425,HR,61
GM,GM,555,HR,81
GM,GM,425,IR,61
GM,GM,555,IR,81
GM,GM,425,KR,61
GM,GM,555,KR,81
GM,GM,425,MR,61
GM,GM,555,MR,81
GM,GM,425,PR,61
GM,GM,555,PR,81
GM,GM,555,GE,81
GH,GH,25,BR,02
GH,GH,58,BR,31
GH,GH,151,BR,41
GH,GH,235,BR,4B
GH,GH,301,BR,5A
GH,GH,437,BR,72
GH,GH,598,BR,8C
GH,GH,58,CR,31
GH,GH,151,CR,41
GH,GH,235,CR,4B
GH,GH,301,CR,5A
GH,GH,437,CR,71
GH,GH,598,CR,8C
GH,GH,25,HH,01
GH,GH,325,HH,51
GH,GH,506,HH,7J
GH,GH,58,HR,31
GH,GH,151,HR,41
GH,GH,235,HR,4B
GH,GH,301,HR,5A
GH,GH,437,HR,72
GH,GH,516,HR,7B
GH,GH,557,HR,82
GH,GH,598,HR,8C
GH,GH,25,HW,02
GH,GH,58,HW,31
GH,GH,151,HW,41
GH,GH,235,HW,4A
GH,GH,325,IQ,51
GH,GH,506,IQ,7J
GH,GH,25,IR,02
GH,GH,58,IR,31
GH,GH,151,IR,41
GH,GH,235,IR,4B
GH,GH,301,IR,5A
GH,GH,437,IR,72
GH,GH,516,IR,7B
GH,GH,557,IR,82
GH,GH,598,IR,8C
GH,GH,25,KR,01
GH,GH,58,KR,31
GH,GH,151,KR,41
GH,GH,235,KR,4B
GH,GH,301,KR,5A
GH,GH,437,KR,72
GH,GH,516,KR,7B
GH,GH,557,KR,82
GH,GH,598,KR,8C
GH,GH,58,MR,31
GH,GH,151,MR,41
GH,GH,235,MR,4B
GH,GH,301,MR,5A
GH,GH,437,MR,71
GH,GH,598,MR,8C
GH,GH,325,OD,51
GH,GH,58,PR,31
GH,GH,151,PR,41
GH,GH,235,PR,4B
GH,GH,301,PR,5A
GH,GH,437,PR,72
GH,GH,516,PR,7B
GH,GH,557,PR,82
GH,GH,598,PR,8C
GH,GH,325,VA,51
GH,GH,301,VA,5A
GH,GH,506,VA,7I
GH,GH,58,WI,31
GH,GH,151,WI,41
GH,GH,58,GE,33
GH,GH,151,GE,42
GH,GH,235,GE,4B
GH,GH,301,GE,5A
GH,GH,437,GE,71
GH,GH,516,GE,7A
GH,GH,506,GE,7I
GH,GH,557,GE,81
GH,GH,598,GE,8A
GU,GU,9,BR,01
GU,GU,70,BR,34
GU,GU,152,BR,41
GU,GU,440,BR,71
GU,GU,9,HH,01
GU,GU,70,HR,34
GU,GU,152,HR,41
GU,GU,440,HR,71
GU,GU,9,HW,01
GU,GU,70,HW,34
GU,GU,152,HW,41
GU,GU,9,IR,01
GU,GU,70,IR,34
GU,GU,152,IR,41
GU,GU,440,IR,71
GU,GU,9,KR,01
GU,GU,70,KR,34
GU,GU,152,KR,41
GU,GU,440,KR,71
GU,GU,440,MR,71
GU,GU,70,PR,34
GU,GU,152,PR,41
GU,GU,440,PR,71
GU,GU,9,SQ,01
GU,GU,70,WI,33
GU,GU,152,WI,42
GU,GU,440,GE,71
GN,GN,154,BR,41
GN,GN,249,BR,52
GN,GN,391,BR,62
GN,GN,539,BR,71
GN,GN,154,CR,41
GN,GN,249,CR,52
GN,GN,391,CR,62
GN,GN,539,CR,71
GN,GN,154,HR,41
GN,GN,249,HR,52
GN,GN,391,HR,62
GN,GN,539,HR,71
GN,GN,571,HR,82
GN,GN,154,HW,41
GN,GN,249,HW,51
GN,GN,154,IR,41
GN,GN,249,IR,52
GN,GN,391,IR,62
GN,GN,539,IR,71
GN,GN,571,IR,82
GN,GN,154,KR,41
GN,GN,249,KR,52
GN,GN,391,KR,62
GN,GN,539,KR,71
GN,GN,571,KR,82
GN,GN,154,MR,41
GN,GN,249,MR,52
GN,GN,391,MR,62
GN,GN,539,MR,71
GN,GN,154,PR,41
GN,GN,249,PR,53
GN,GN,391,PR,62
GN,GN,539,PR,71
GN,GN,571,PR,82
GN,GN,154,SQ,41
GN,GN,154,WI,41
GN,GN,154,GE,42
GN,GN,249,GE,52
GN,GN,391,GE,61
GN,GN,539,GE,71
GN,GN,571,GE,81
GY,GY,243,BR,51
GY,GY,309,BR,5I
GY,GY,309,CR,5I
GY,GY,243,HR,51
GY,GY,309,HR,5I
GY,GY,243,IR,51
GY,GY,309,IR,5I
GY,GY,243,KR,51
GY,GY,309,KR,5I
GY,GY,309,MR,5I
GY,GY,243,PR,51
GY,GY,309,PR,5I
GY,GY,309,GE,5J
HT,HT,69,BR,31
HT,HT,155,BR,42
HT,HT,222,BR,52
HT,HT,368,BR,61
HT,HT,503,BR,71
HT,HT,69,CR,31
HT,HT,155,CR,42
HT,HT,222,CR,52
HT,HT,368,CR,61
HT,HT,503,CR,71
HT,HT,69,HR,31
HT,HT,155,HR,42
HT,HT,222,HR,52
HT,HT,368,HR,61
HT,HT,503,HR,71
HT,HT,69,HW,31
HT,HT,155,HW,42
HT,HT,222,HW,51
HT,HT,69,IR,31
HT,HT,155,IR,42
HT,HT,222,IR,52
HT,HT,368,IR,61
HT,HT,503,IR,71
HT,HT,69,KR,31
HT,HT,155,KR,42
HT,HT,222,KR,52
HT,HT,368,KR,61
HT,HT,503,KR,71
HT,HT,69,MR,31
HT,HT,155,MR,42
HT,HT,222,MR,52
HT,HT,368,MR,61
HT,HT,503,MR,71
HT,HT,69,PR,31
HT,HT,155,PR,42
HT,HT,222,PR,52
HT,HT,368,PR,61
HT,HT,503,PR,71
HT,HT,69,SQ,30
HT,HT,155,SQ,41
HT,HT,69,WI,31
HT,HT,155,WI,42
HT,HT,155,GE,42
HT,HT,222,GE,52
HT,HT,368,GE,61
HT,HT,503,GE,71
HN,HN,265,BR,52
HN,HN,369,BR,62
HN,HN,265,HR,52
HN,HN,369,HR,62
HN,HN,265,IR,52
HN,HN,369,IR,62
HN,HN,265,KR,52
HN,HN,369,KR,62
HN,HN,369,MR,62
HN,HN,265,PR,52
HN,HN,369,PR,62
HN,HN,369,GE,61
AP,IA,156,BR,42
AP,IA,50,HH,21
AP,IA,156,HR,42
AP,IA,156,HW,42
AP,IA,50,IQ,21
AP,IA,156,IR,42
AP,IA,156,KR,42
AP,IA,156,VR,42
AR,IA,156,BR,42
AR,IA,50,HH,21
AR,IA,156,HR,42
AR,IA,156,HW,42
AR,IA,50,IQ,21
AR,IA,156,IR,42
AR,IA,156,KR,42
AR,IA,156,VR,42
AS,IA,156,BR,42
AS,IA,50,HH,21
AS,IA,156,HR,42
AS,IA,156,HW,42
AS,IA,50,IQ,21
AS,IA,156,IR,42
AS,IA,156,KR,42
AS,IA,156,VR,42
BH,IA,156,BR,42
BH,IA,50,HH,21
BH,IA,156,HR,42
BH,IA,156,HW,42
BH,IA,50,IQ,21
BH,IA,156,IR,42
BH,IA,156,KR,42
BH,IA,156,VR,42
DL,IA,156,BR,42
DL,IA,50,HH,21
DL,IA,156,HR,42
DL,IA,156,HW,42
DL,IA,50,IQ,21
DL,IA,156,IR,42
DL,IA,156,KR,42
DL,IA,156,VR,42
GJ,IA,156,BR,42
GJ,IA,50,HH,21
GJ,IA,156,HR,42
GJ,IA,156,HW,42
GJ,IA,50,IQ,21
GJ,IA,156,IR,42
GJ,IA,156,KR,42
GJ,IA,156,VR,42
GO,IA,156,BR,42
GO,IA,50,HH,21
GO,IA,156,HR,42
GO,IA,156,HW,42
GO,IA,50,IQ,21
GO,IA,156,IR,42
GO,IA,156,KR,42
GO,IA,156,VR,42
HP,IA,156,BR,42
HP,IA,50,HH,21
HP,IA,156,HR,42
HP,IA,156,HW,42
HP,IA,50,IQ,21
HP,IA,156,IR,42
HP,IA,156,KR,42
HP,IA,156,VR,42
HR,IA,156,BR,42
HR,IA,50,HH,21
HR,IA,156,HR,42
HR,IA,156,HW,42
HR,IA,50,IQ,21
HR,IA,156,IR,42
HR,IA,156,KR,42
HR,IA,156,VR,42
IA,IA,50,BR,23
IA,IA,156,BR,42
IA,IA,264,BR,52
IA,IA,355,BR,74
IA,IA,541,BR,7E
IA,IA,264,CR,52
IA,IA,355,CR,74
IA,IA,541,CR,7E
IA,IA,50,HH,21
IA,IA,50,HR,23
IA,IA,156,HR,42
IA,IA,264,HR,52
IA,IA,355,HR,74
IA,IA,541,HR,7E
IA,IA,50,HW,22
IA,IA,156,HW,43
IA,IA,50,IQ,21
IA,IA,50,IR,23
IA,IA,156,IR,42
IA,IA,264,IR,52
IA,IA,355,IR,74
IA,IA,541,IR,7E
IA,IA,50,KR,23
IA,IA,156,KR,42
IA,IA,264,KR,52
IA,IA,355,KR,74
IA,IA,541,KR,7E
IA,IA,264,MR,52
IA,IA,355,MR,74
IA,IA,541,MR,7E
IA,IA,50,PR,23
IA,IA,156,PR,42
IA,IA,264,PR,52
IA,IA,355,PR,74
IA,IA,541,PR,7E
IA,IA,50,SQ,21
IA,IA,156,VR,42
IA,IA,50,WI,22
IA,IA,156,WI,41
JM,IA,156,BR,42
JM,IA,50,HH,21
JM,IA,156,HR,42
JM,IA,156,HW,42
JM,IA,50,IQ,21
JM,IA,156,IR,42
JM,IA,156,KR,42
JM,IA,156,VR,42
KA,IA,156,BR,42
KA,IA,50,HH,21
KA,IA,156,HR,42
KA,IA,156,HW,42
KA,IA,50,IQ,21
KA,IA,156,IR,42
KA,IA,156,KR,42
KA,IA,156,VR,42
KE,IA,156,BR,42
KE,IA,50,HH,21
KE,IA,156,HR,42
KE,IA,156,HW,42
KE,IA,50,IQ,21
KE,IA,156,IR,42
KE,IA,156,KR,42
KE,IA,156,VR,42
MG,IA,156,BR,42
MG,IA,50,HH,21
MG,IA,156,HR,42
MG,IA,156,HW,42
MG,IA,50,IQ,21
MG,IA,156,IR,42
MG,IA,156,KR,42
MG,IA,156,VR,42
MH,IA,156,BR,42
MH,IA,50,HH,21
MH,IA,156,HR,42
MH,IA,156,HW,42
MH,IA,50,IQ,21
MH,IA,156,IR,42
MH,IA,156,KR,42
MH,IA,156,VR,42
MN,IA,156,BR,42
MN,IA,50,HH,21
MN,IA,156,HR,42
MN,IA,156,HW,42
MN,IA,50,IQ,21
MN,IA,156,IR,42
MN,IA,156,KR,42
MN,IA,156,VR,42
MP,IA,156,BR,42
MP,IA,50,HH,21
MP,IA,156,HR,42
MP,IA,156,HW,42
MP,IA,50,IQ,21
MP,IA,156,IR,42
MP,IA,156,KR,42
MP,IA,156,VR,42
MZ,IA,156,BR,42
MZ,IA,50,HH,21
MZ,IA,156,HR,42
MZ,IA,156,HW,42
MZ,IA,50,IQ,21
MZ,IA,156,IR,42
MZ,IA,156,KR,42
MZ,IA,156,VR,42
,IA,156,BR,42
,IA,50,HH,21
,IA,156,HR,42
,IA,156,HW,42
,IA,50,IQ,21
,IA,156,IR,42
,IA,156,KR,42
,IA,156,VR,42
OR,IA,156,BR,42
OR,IA,50,HH,21
OR,IA,156,HR,42
OR,IA,156,HW,42
OR,IA,50,IQ,21
OR,IA,156,IR,42
OR,IA,156,KR,42
OR,IA,156,VR,42
PJ,IA,156,BR,42
PJ,IA,50,HH,21
PJ,IA,156,HR,42
PJ,IA,156,HW,42
PJ,IA,50,IQ,21
PJ,IA,156,IR,42
PJ,IA,156,KR,42
PJ,IA,156,VR,42
RJ,IA,156,BR,42
RJ,IA,50,HH,21
RJ,IA,156,HR,42
RJ,IA,156,HW,42
RJ,IA,50,IQ,21
RJ,IA,156,IR,42
RJ,IA,156,KR,42
RJ,IA,156,VR,42
SK,IA,156,BR,42
SK,IA,156,HR,42
SK,IA,156,HW,42
SK,IA,156,IR,42
SK,IA,156,KR,42
SK,IA,156,VR,42
TN,IA,156,BR,42
TN,IA,50,HH,21
TN,IA,156,HR,42
TN,IA,156,HW,42
TN,IA,50,IQ,21
TN,IA,156,IR,42
TN,IA,156,KR,42
TN,IA,156,VR,42
TR,IA,156,BR,42
TR,IA,50,HH,21
TR,IA,156,HR,42
TR,IA,156,HW,42
TR,IA,50,IQ,21
TR,IA,156,IR,42
TR,IA,156,KR,42
TR,IA,156,VR,42
UP,IA,156,BR,42
UP,IA,50,HH,21
UP,IA,156,HR,42
UP,IA,156,HW,42
UP,IA,50,IQ,21
UP,IA,156,IR,42
UP,IA,156,KR,42
UP,IA,156,VR,42
WB,IA,156,BR,42
WB,IA,50,HH,21
WB,IA,156,HR,42
WB,IA,156,HW,42
WB,IA,50,IQ,21
WB,IA,156,IR,42
WB,IA,156,KR,42
WB,IA,156,VR,42
IA,IA,355,GE,71
IA,IA,541,GE,7A
ID,ID,14,BR,01
ID,ID,35,BR,21
ID,ID,63,BR,31
ID,ID,95,BR,3A
ID,ID,172,BR,42
ID,ID,297,BR,51
ID,ID,357,BR,63
ID,ID,522,BR,71
ID,ID,172,CR,42
ID,ID,297,CR,51
ID,ID,357,CR,63
ID,ID,522,CR,71
ID,ID,14,HH,01
ID,ID,35,HR,21
ID,ID,63,HR,31
ID,ID,95,HR,3A
ID,ID,172,HR,42
ID,ID,297,HR,51
ID,ID,357,HR,63
ID,ID,522,HR,71
ID,ID,14,IR,01
ID,ID,35,IR,21
ID,ID,63,IR,31
ID,ID,95,IR,3A
ID,ID,172,IR,42
ID,ID,297,IR,51
ID,ID,357,IR,63
ID,ID,522,IR,71
ID,ID,14,KR,01
ID,ID,35,KR,21
ID,ID,63,KR,31
ID,ID,95,KR,3A
ID,ID,172,KR,42
ID,ID,297,KR,51
ID,ID,357,KR,63
ID,ID,522,KR,71
ID,ID,172,MR,42
ID,ID,297,MR,51
ID,ID,357,MR,63
ID,ID,522,MR,71
ID,ID,221,OD,4A
ID,ID,335,OD,5A
ID,ID,460,OD,6C
ID,ID,544,OD,7A
ID,ID,35,PR,21
ID,ID,63,PR,31
ID,ID,95,PR,3A
ID,ID,172,PR,42
ID,ID,297,PR,52
ID,ID,357,PR,63
ID,ID,522,PR,71
ID,ID,63,SQ,37
ID,ID,95,WI,3A
ID,ID,172,GE,43
JO,JO,31,BR,21
JO,JO,96,BR,31
JO,JO,208,BR,42
JO,JO,295,BR,51
JO,JO,336,BR,61
JO,JO,403,BR,6C
JO,JO,500,BR,74
JO,JO,596,BR,81
JO,JO,500,CR,74
JO,JO,596,CR,81
JO,JO,31,HR,21
JO,JO,96,HR,31
JO,JO,208,HR,42
JO,JO,295,HR,51
JO,JO,336,HR,61
JO,JO,403,HR,6C
JO,JO,500,HR,74
JO,JO,596,HR,81
JO,JO,31,HW,21
JO,JO,96,HW,31
JO,JO,208,HW,42
JO,JO,31,IR,21
JO,JO,96,IR,31
JO,JO,208,IR,42
JO,JO,295,IR,51
JO,JO,336,IR,61
JO,JO,403,IR,6C
JO,JO,500,IR,74
JO,JO,596,IR,81
JO,JO,31,KR,21
JO,JO,96,KR,31
JO,JO,208,KR,42
JO,JO,295,KR,51
JO,JO,336,KR,61
JO,JO,403,KR,6C
JO,JO,500,KR,74
JO,JO,596,KR,81
JO,JO,500,MR,71
JO,JO,596,MR,81
JO,JO,31,PR,21
JO,JO,96,PR,31
JO,JO,208,PR,42
JO,JO,295,PR,51
JO,JO,336,PR,61
JO,JO,403,PR,6C
JO,JO,500,PR,74
JO,JO,596,PR,81
JO,JO,31,SQ,22
JO,JO,31,WI,21
JO,JO,96,WI,31
JO,JO,208,WI,41
JO,JO,208,GE,43
JO,JO,295,GE,52
JO,JO,403,GE,6A
JO,JO,500,GE,71
JO,JO,596,GE,81
KK,KK,74,BR,31
KK,KK,157,BR,42
KK,KK,157,CR,42
KK,KK,74,HR,31
KK,KK,157,HR,42
KK,KK,74,HW,31
KK,KK,157,HW,41
KK,KK,74,IR,31
KK,KK,157,IR,42
KK,KK,74,KR,31
KK,KK,157,KR,42
KK,KK,157,MR,41
KK,KK,74,PR,31
KK,KK,157,PR,42
KK,KK,74,WI,31
KK,KK,157,WI,42
KE,KE,20,BR,03
KE,KE,56,BR,33
KE,KE,115,BR,3A
KE,KE,216,BR,42
KE,KE,300,BR,52
KE,KE,451,BR,72
KE,KE,566,BR,8C
KE,KE,56,CR,32
KE,KE,115,CR,3A
KE,KE,216,CR,42
KE,KE,300,CR,52
KE,KE,451,CR,72
KE,KE,566,CR,8C
KE,KE,20,HH,01
KE,KE,56,HR,33
KE,KE,115,HR,3A
KE,KE,216,HR,42
KE,KE,300,HR,52
KE,KE,451,HR,72
KE,KE,493,HR,7A
KE,KE,579,HR,81
KE,KE,566,HR,8C
KE,KE,56,HW,33
KE,KE,115,HW,3A
KE,KE,216,HW,41
KE,KE,20,IR,03
KE,KE,56,IR,33
KE,KE,115,IR,3A
KE,KE,216,IR,42
KE,KE,300,IR,52
KE,KE,451,IR,72
KE,KE,493,IR,7A
KE,KE,579,IR,81
KE,KE,566,IR,8C
KE,KE,20,KR,01
KE,KE,56,KR,31
KE,KE,115,KR,3A
KE,KE,216,KR,42
KE,KE,300,KR,52
KE,KE,451,KR,72
KE,KE,493,KR,7A
KE,KE,579,KR,81
KE,KE,566,KR,8C
KE,KE,56,MR,32
KE,KE,115,MR,3A
KE,KE,216,MR,42
KE,KE,300,MR,52
KE,KE,451,MR,72
KE,KE,566,MR,8C
KE,KE,56,PR,33
KE,KE,115,PR,3A
KE,KE,216,PR,42
KE,KE,300,PR,52
KE,KE,451,PR,72
KE,KE,493,PR,7A
KE,KE,579,PR,81
KE,KE,566,PR,8C
KE,KE,56,SQ,30
KE,KE,56,WI,31
KE,KE,115,WI,3A
KE,KE,216,GE,43
KE,KE,300,GE,52
KE,KE,451,GE,71
KE,KE,493,GE,7A
KE,KE,579,GE,81
KE,KE,566,GE,8A
KY,KY,109,BR,31
KY,KY,383,BR,61
KY,KY,383,CR,61
KY,KY,109,HR,31
KY,KY,383,HR,61
KY,KY,109,HW,31
KY,KY,109,IR,31
KY,KY,383,IR,61
KY,KY,109,KR,31
KY,KY,383,KR,61
KY,KY,383,MR,61
KY,KY,109,PR,31
KY,KY,383,PR,61
KY,KY,109,WI,31
KY,KY,383,GE,61
LS,LS,256,BR,41
LS,LS,317,BR,61
LS,LS,462,BR,71
LS,LS,572,BR,81
LS,LS,256,CR,41
LS,LS,317,CR,61
LS,LS,462,CR,71
LS,LS,572,CR,81
LS,LS,256,HR,41
LS,LS,317,HR,61
LS,LS,462,HR,71
LS,LS,572,HR,81
LS,LS,256,HW,41
LS,LS,256,IR,41
LS,LS,317,IR,61
LS,LS,462,IR,71
LS,LS,572,IR,81
LS,LS,256,KR,41
LS,LS,317,KR,61
LS,LS,462,KR,71
LS,LS,572,KR,81
LS,LS,256,MR,41
LS,LS,317,MR,61
LS,LS,462,MR,71
LS,LS,572,MR,81
LS,LS,256,PR,41
LS,LS,317,PR,61
LS,LS,462,PR,71
LS,LS,572,PR,81
LS,LS,256,GE,42
LS,LS,317,GE,62
LS,LS,462,GE,71
LS,LS,572,GE,81
LB,LB,7,BR,01
LB,LB,271,BR,51
LB,LB,330,BR,5A
LB,LB,435,BR,6A
LB,LB,537,BR,7A
LB,LB,271,CR,51
LB,LB,435,CR,6A
LB,LB,537,CR,7A
LB,LB,7,HH,01
LB,LB,271,HR,51
LB,LB,330,HR,5A
LB,LB,361,HR,61
LB,LB,435,HR,6A
LB,LB,509,HR,71
LB,LB,537,HR,7A
LB,LB,573,HR,81
LB,LB,7,IR,01
LB,LB,271,IR,51
LB,LB,330,IR,5A
LB,LB,361,IR,61
LB,LB,435,IR,6A
LB,LB,509,IR,71
LB,LB,537,IR,7A
LB,LB,573,IR,81
LB,LB,7,KR,01
LB,LB,271,KR,51
LB,LB,330,KR,5A
LB,LB,361,KR,61
LB,LB,435,KR,6A
LB,LB,509,KR,71
LB,LB,537,KR,7A
LB,LB,573,KR,81
LB,LB,271,MR,51
LB,LB,435,MR,6A
LB,LB,537,MR,7A
LB,LB,271,PR,51
LB,LB,330,PR,5A
LB,LB,361,PR,61
LB,LB,435,PR,6A
LB,LB,509,PR,71
LB,LB,537,PR,7A
LB,LB,573,PR,81
LB,LB,7,GE,03
LB,LB,271,GE,52
LB,LB,330,GE,5C
LB,LB,361,GE,61
LB,LB,435,GE,6A
LB,LB,509,GE,71
LB,LB,537,GE,7A
LB,LB,573,GE,81
MD,MD,49,BR,21
MD,MD,110,BR,31
MD,MD,207,BR,42
MD,MD,296,BR,51
MD,MD,560,BR,81
MD,MD,207,CR,42
MD,MD,296,CR,51
MD,MD,560,CR,81
MD,MD,49,HR,21
MD,MD,110,HR,31
MD,MD,207,HR,42
MD,MD,296,HR,51
MD,MD,396,HR,61
MD,MD,456,HR,6A
MD,MD,505,HR,71
MD,MD,560,HR,81
MD,MD,49,HW,21
MD,MD,110,HW,31
MD,MD,207,HW,41
MD,MD,49,IR,21
MD,MD,110,IR,31
MD,MD,207,IR,42
MD,MD,296,IR,51
MD,MD,396,IR,61
MD,MD,456,IR,6A
MD,MD,505,IR,71
MD,MD,560,IR,81
MD,MD,49,KR,21
MD,MD,110,KR,31
MD,MD,207,KR,42
MD,MD,296,KR,51
MD,MD,396,KR,61
MD,MD,456,KR,6A
MD,MD,505,KR,71
MD,MD,560,KR,81
MD,MD,207,MR,42
MD,MD,296,MR,51
MD,MD,560,MR,81
MD,MD,49,PR,21
MD,MD,110,PR,31
MD,MD,207,PR,42
MD,MD,296,PR,51
MD,MD,396,PR,61
MD,MD,456,PR,6A
MD,MD,505,PR,71
MD,MD,560,PR,81
MD,MD,49,SQ,21
MD,MD,110,WI,31
MD,MD,110,GE,32
MD,MD,296,GE,53
MD,MD,396,GE,61
MD,MD,456,GE,6A
MD,MD,505,GE,71
MD,MD,560,GE,81
MW,MW,52,BR,22
MW,MW,158,BR,41
MW,MW,251,BR,4E
MW,MW,333,BR,61
MW,MW,483,BR,7A
MW,MW,592,BR,81
MW,MW,52,CR,21
MW,MW,158,CR,41
MW,MW,251,CR,4E
MW,MW,333,CR,61
MW,MW,483,CR,7A
MW,MW,592,CR,81
MW,MW,84,HH,34
MW,MW,52,HR,22
MW,MW,158,HR,41
MW,MW,251,HR,4E
MW,MW,333,HR,61
MW,MW,432,HR,6A
MW,MW,473,HR,72
MW,MW,483,HR,7A
MW,MW,512,HR,7I
MW,MW,592,HR,81
MW,MW,52,HW,22
MW,MW,158,HW,41
MW,MW,251,HW,4C
MW,MW,84,IQ,34
MW,MW,52,IR,22
MW,MW,158,IR,41
MW,MW,251,IR,4E
MW,MW,333,IR,61
MW,MW,432,IR,6A
MW,MW,473,IR,72
MW,MW,483,IR,7A
MW,MW,512,IR,7I
MW,MW,592,IR,81
MW,MW,52,KR,21
MW,MW,158,KR,41
MW,MW,251,KR,4E
MW,MW,333,KR,61
MW,MW,432,KR,6A
MW,MW,473,KR,72
MW,MW,483,KR,7A
MW,MW,512,KR,7I
MW,MW,592,KR,81
MW,MW,84,ML,34
MW,MW,52,MR,21
MW,MW,158,MR,41
MW,MW,251,MR,4E
MW,MW,333,MR,61
MW,MW,483,MR,7A
MW,MW,592,MR,81
MW,MW,52,PR,22
MW,MW,158,PR,41
MW,MW,251,PR,4E
MW,MW,333,PR,61
MW,MW,432,PR,6A
MW,MW,473,PR,72
MW,MW,483,PR,7A
MW,MW,512,PR,7I
MW,MW,592,PR,81
MW,MW,52,SQ,26
MW,MW,52,WI,22
MW,MW,158,WI,42
MW,MW,158,GE,43
MW,MW,251,GE,4B
MW,MW,333,GE,62
MW,MW,432,GE,6A
MW,MW,473,GE,71
MW,MW,483,GE,7A
MW,MW,512,GE,7I
MW,MW,592,GE,81
MV,MV,321,BR,52
MV,MV,494,BR,71
MV,MV,321,CR,52
MV,MV,494,CR,71
MV,MV,321,HR,52
MV,MV,494,HR,71
MV,MV,321,IR,52
MV,MV,494,IR,71
MV,MV,321,KR,52
MV,MV,494,KR,71
MV,MV,321,MR,52
MV,MV,494,MR,71
MV,MV,321,OD,51
MV,MV,321,PR,52
MV,MV,494,PR,71
ML,ML,12,BR,01
ML,ML,77,BR,32
ML,ML,159,BR,41
ML,ML,276,BR,53
ML,ML,405,BR,6A
ML,ML,517,BR,7A
ML,ML,613,BR,8A
ML,ML,77,CR,31
ML,ML,159,CR,41
ML,ML,276,CR,53
ML,ML,405,CR,6A
ML,ML,517,CR,7A
ML,ML,613,CR,8A
ML,ML,12,HH,01
ML,ML,77,HR,32
ML,ML,159,HR,41
ML,ML,276,HR,53
ML,ML,387,HR,61
ML,ML,405,HR,6A
ML,ML,487,HR,72
ML,ML,517,HR,7A
ML,ML,574,HR,83
ML,ML,613,HR,8A
ML,ML,12,HW,01
ML,ML,77,HW,32
ML,ML,159,HW,41
ML,ML,12,IR,01
ML,ML,77,IR,32
ML,ML,159,IR,41
ML,ML,276,IR,53
ML,ML,405,IR,6A
ML,ML,487,IR,72
ML,ML,517,IR,7A
ML,ML,574,IR,83
ML,ML,613,IR,8A
ML,ML,12,KR,01
ML,ML,77,KR,31
ML,ML,159,KR,41
ML,ML,276,KR,53
ML,ML,405,KR,6A
ML,ML,487,KR,72
ML,ML,517,KR,7A
ML,ML,574,KR,83
ML,ML,613,KR,8A
ML,ML,12,ML,01
ML,ML,77,MR,31
ML,ML,159,MR,41
ML,ML,276,MR,53
ML,ML,405,MR,6A
ML,ML,517,MR,7A
ML,ML,613,MR,8A
ML,ML,77,PR,32
ML,ML,159,PR,41
ML,ML,276,PR,53
ML,ML,387,PR,61
ML,ML,405,PR,6A
ML,ML,487,PR,72
ML,ML,517,PR,7A
ML,ML,574,PR,83
ML,ML,613,PR,8A
ML,ML,77,SQ,31
ML,ML,159,SQ,42
ML,ML,77,WI,32
ML,ML,159,WI,42
ML,ML,77,GE,33
ML,ML,159,GE,42
ML,ML,276,GE,52
ML,ML,387,GE,63
ML,ML,405,GE,6B
ML,ML,487,GE,71
ML,ML,517,GE,7A
ML,ML,574,GE,81
ML,ML,613,GE,8A
MR,MR,553,BR,71
MR,MR,553,CR,71
MR,MR,553,HR,71
MR,MR,553,IR,71
MR,MR,553,KR,71
MR,MR,553,MR,71
MR,MR,553,PR,71
MR,MR,553,GE,71
MX,MX,11,BR,01
MX,MX,11,HH,02
MX,MX,11,IR,01
MX,MX,11,KR,01
MB,MB,258,BR,53
MB,MB,258,CR,52
MB,MB,258,HR,53
MB,MB,258,HW,52
MB,MB,258,IR,53
MB,MB,258,KR,53
MB,MB,258,MR,52
MB,MB,258,PR,53
MB,MB,258,GE,52
MA,MA,17,BR,01
MA,MA,47,BR,21
MA,MA,214,BR,43
MA,MA,17,HH,01
MA,MA,75,HH,33
MA,MA,47,HR,21
MA,MA,214,HR,43
MA,MA,17,HW,01
MA,MA,47,HW,21
MA,MA,214,HW,42
MA,MA,75,IQ,33
MA,MA,17,IR,01
MA,MA,47,IR,21
MA,MA,214,IR,43
MA,MA,17,KR,01
MA,MA,47,KR,21
MA,MA,214,KR,43
MA,MA,47,PR,21
MA,MA,214,PR,43
MA,MA,47,SQ,20
MA,MA,47,WI,21
MA,MA,214,GE,43
MZ,MZ,105,BR,31
MZ,MZ,174,BR,41
MZ,MZ,362,BR,62
MZ,MZ,467,BR,71
MZ,MZ,564,BR,81
MZ,MZ,105,CR,31
MZ,MZ,174,CR,41
MZ,MZ,362,CR,62
MZ,MZ,467,CR,71
MZ,MZ,564,CR,81
MZ,MZ,105,HR,31
MZ,MZ,174,HR,41
MZ,MZ,322,HR,51
MZ,MZ,362,HR,62
MZ,MZ,467,HR,71
MZ,MZ,527,HR,7A
MZ,MZ,564,HR,81
MZ,MZ,105,HW,31
MZ,MZ,174,HW,41
MZ,MZ,105,IR,31
MZ,MZ,174,IR,41
MZ,MZ,322,IR,51
MZ,MZ,362,IR,62
MZ,MZ,467,IR,71
MZ,MZ,527,IR,7A
MZ,MZ,564,IR,81
MZ,MZ,105,KR,31
MZ,MZ,174,KR,41
MZ,MZ,362,KR,62
MZ,MZ,467,KR,71
MZ,MZ,527,KR,7A
MZ,MZ,564,KR,81
MZ,MZ,105,MR,31
MZ,MZ,174,MR,41
MZ,MZ,362,MR,62
MZ,MZ,467,MR,71
MZ,MZ,564,MR,81
MZ,MZ,322,OD,51
MZ,MZ,105,PR,31
MZ,MZ,174,PR,41
MZ,MZ,322,PR,51
MZ,MZ,362,PR,62
MZ,MZ,467,PR,71
MZ,MZ,527,PR,7A
MZ,MZ,564,PR,81
MZ,MZ,105,WI,31
MZ,MZ,322,GE,52
MZ,MZ,362,GE,61
MZ,MZ,467,GE,71
MZ,MZ,527,GE,7A
MZ,MZ,564,GE,81
MM,MM,454,BR,71
MM,MM,454,CR,71
MM,MM,454,HR,71
MM,MM,454,IR,71
MM,MM,454,KR,71
MM,MM,454,MR,71
MM,MM,454,PR,71
MM,MM,454,GE,71
NM,NM,48,BR,21
NM,NM,205,BR,41
NM,NM,284,BR,51
NM,NM,363,BR,61
NM,NM,205,CR,41
NM,NM,284,CR,51
NM,NM,363,CR,61
NM,NM,48,HR,21
NM,NM,205,HR,41
NM,NM,284,HR,51
NM,NM,363,HR,61
NM,NM,48,HW,21
NM,NM,205,HW,41
NM,NM,48,IR,21
NM,NM,205,IR,41
NM,NM,284,IR,51
NM,NM,363,IR,61
NM,NM,48,KR,21
NM,NM,205,KR,41
NM,NM,284,KR,51
NM,NM,363,KR,61
NM,NM,205,MR,41
NM,NM,284,MR,51
NM,NM,363,MR,61
NM,NM,48,PR,21
NM,NM,205,PR,41
NM,NM,284,PR,52
NM,NM,363,PR,61
NM,NM,48,WI,21
NM,NM,205,WI,41
NM,NM,205,GE,42
NM,NM,284,GE,53
NM,NM,363,GE,61
NP,NP,86,BR,31
NP,NP,202,BR,41
NP,NP,268,BR,51
NP,NP,356,BR,61
NP,NP,472,BR,7H
NP,NP,585,BR,82
NP,NP,202,CR,41
NP,NP,268,CR,51
NP,NP,356,CR,61
NP,NP,472,CR,7H
NP,NP,585,CR,82
NP,NP,86,HR,31
NP,NP,202,HR,41
NP,NP,268,HR,51
NP,NP,356,HR,61
NP,NP,472,HR,7H
NP,NP,585,HR,82
NP,NP,86,HW,31
NP,NP,202,HW,41
NP,NP,86,IR,31
NP,NP,202,IR,41
NP,NP,268,IR,51
NP,NP,356,IR,61
NP,NP,472,IR,7H
NP,NP,585,IR,82
NP,NP,86,KR,31
NP,NP,202,KR,41
NP,NP,268,KR,51
NP,NP,356,KR,61
NP,NP,472,KR,7H
NP,NP,585,KR,82
NP,NP,202,MR,41
NP,NP,268,MR,51
NP,NP,356,MR,61
NP,NP,472,MR,7H
NP,NP,585,MR,82
NP,NP,10,OD,01
NP,NP,86,PR,31
NP,NP,202,PR,41
NP,NP,268,PR,51
NP,NP,356,PR,61
NP,NP,472,PR,7H
NP,NP,585,PR,82
NP,NP,472,VA,7A
NP,NP,86,WI,31
NP,NP,202,WI,41
NP,NP,202,GE,42
NP,NP,268,GE,53
NP,NP,356,GE,61
NP,NP,472,GE,7A
NP,NP,585,GE,82
NC,NC,112,BR,31
NC,NC,204,BR,41
NC,NC,112,CR,31
NC,NC,112,HR,31
NC,NC,204,HR,41
NC,NC,112,HW,31
NC,NC,204,HW,41
NC,NC,112,IR,31
NC,NC,204,IR,41
NC,NC,112,KR,31
NC,NC,204,KR,41
NC,NC,112,MR,31
NC,NC,112,PR,31
NC,NC,204,PR,41
NC,NC,112,WI,31
NC,NC,204,WI,41
NI,NI,53,BR,22
NI,NI,99,BR,31
NI,NI,277,BR,51
NI,NI,407,BR,61
NI,NI,53,CR,21
NI,NI,99,CR,31
NI,NI,277,CR,51
NI,NI,407,CR,61
NI,NI,53,HR,22
NI,NI,99,HR,31
NI,NI,277,HR,51
NI,NI,407,HR,61
NI,NI,575,HR,82
NI,NI,53,HW,22
NI,NI,99,HW,31
NI,NI,277,HW,51
NI,NI,53,IR,22
NI,NI,99,IR,31
NI,NI,277,IR,51
NI,NI,407,IR,61
NI,NI,575,IR,82
NI,NI,53,KR,21
NI,NI,99,KR,31
NI,NI,277,KR,51
NI,NI,407,KR,61
NI,NI,575,KR,82
NI,NI,53,MR,21
NI,NI,99,MR,31
NI,NI,277,MR,51
NI,NI,407,MR,61
NI,NI,53,PR,22
NI,NI,99,PR,31
NI,NI,277,PR,51
NI,NI,407,PR,61
NI,NI,575,PR,82
NI,NI,53,SQ,21
NI,NI,99,SQ,31
NI,NI,99,WI,31
NI,NI,53,GE,23
NI,NI,99,GE,32
NI,NI,407,GE,61
NI,NI,575,GE,81
NG,NG,32,BR,21
NG,NG,223,BR,4B
NG,NG,302,BR,53
NG,NG,392,BR,61
NG,NG,438,BR,6A
NG,NG,528,BR,7B
NG,NG,609,BR,8B
NG,NG,223,CR,4A
NG,NG,302,CR,53
NG,NG,438,CR,6A
NG,NG,528,CR,7A
NG,NG,609,CR,8B
NG,NG,32,HR,21
NG,NG,223,HR,4B
NG,NG,302,HR,53
NG,NG,392,HR,61
NG,NG,438,HR,6A
NG,NG,474,HR,71
NG,NG,528,HR,7B
NG,NG,576,HR,81
NG,NG,609,HR,8B
NG,NG,32,HW,21
NG,NG,223,HW,4B
NG,NG,32,IR,21
NG,NG,223,IR,4B
NG,NG,302,IR,53
NG,NG,392,IR,61
NG,NG,438,IR,6A
NG,NG,474,IR,71
NG,NG,528,IR,7B
NG,NG,576,IR,81
NG,NG,609,IR,8B
NG,NG,32,KR,21
NG,NG,223,KR,4B
NG,NG,302,KR,53
NG,NG,392,KR,61
NG,NG,438,KR,6A
NG,NG,474,KR,71
NG,NG,528,KR,7B
NG,NG,576,KR,81
NG,NG,609,KR,8B
NG,NG,223,MR,4A
NG,NG,302,MR,52
NG,NG,438,MR,6A
NG,NG,528,MR,7A
NG,NG,609,MR,8B
NG,NG,32,PR,21
NG,NG,223,PR,4C
NG,NG,302,PR,53
NG,NG,392,PR,61
NG,NG,438,PR,6A
NG,NG,474,PR,71
NG,NG,528,PR,7B
NG,NG,576,PR,81
NG,NG,609,PR,8B
NG,NG,32,SQ,23
NG,NG,618,VA,8I
NG,NG,32,WI,21
NG,NG,32,GE,23
NG,NG,223,GE,4B
NG,NG,302,GE,52
NG,NG,392,GE,61
NG,NG,438,GE,6A
NG,NG,474,GE,71
NG,NG,528,GE,7B
NG,NG,576,GE,81
NG,NG,609,GE,8A
OS,OS,8,BR,01
OS,OS,8,HH,01
OS,OS,8,HW,01
OS,OS,8,IR,01
OS,OS,8,KR,01
PK,PK,34,BR,21
PK,PK,273,BR,53
PK,PK,419,BR,61
PK,PK,523,BR,71
PK,PK,34,CR,21
PK,PK,523,CR,71
PK,PK,552,HH,7A
PK,PK,34,HR,21
PK,PK,273,HR,53
PK,PK,419,HR,61
PK,PK,523,HR,71
PK,PK,34,HW,21
PK,PK,552,IQ,7A
PK,PK,34,IR,21
PK,PK,273,IR,53
PK,PK,419,IR,61
PK,PK,523,IR,71
PK,PK,34,KR,21
PK,PK,273,KR,53
PK,PK,419,KR,61
PK,PK,523,KR,71
PK,PK,34,MR,21
PK,PK,419,MR,61
PK,PK,523,MR,71
PK,PK,273,OD,52
PK,PK,552,OD,7A
PK,PK,34,PR,21
PK,PK,273,PR,53
PK,PK,419,PR,61
PK,PK,523,PR,71
PK,PK,523,SQ,71
PK,PK,552,SQ,7A
PK,PK,273,VA,51
PK,PK,552,VA,7A
PK,PK,34,WI,21
PK,PK,273,GE,51
PK,PK,523,GE,71
PG,PG,499,BR,71
PG,PG,499,CR,71
PG,PG,499,HR,71
PG,PG,499,IR,71
PG,PG,499,KR,71
PG,PG,499,MR,71
PG,PG,499,PR,71
PY,PY,33,BR,21
PY,PY,33,HR,21
PY,PY,33,HW,21
PY,PY,33,IR,21
PY,PY,33,KR,21
PY,PY,33,PR,21
PY,PY,33,WI,21
PE,PE,6,BR,01
PE,PE,44,BR,21
PE,PE,88,BR,31
PE,PE,176,BR,41
PE,PE,228,BR,51
PE,PE,447,BR,5A
PE,PE,334,BR,5I
PE,PE,426,BR,61
PE,PE,433,BR,6A
PE,PE,434,BR,6I
PE,PE,88,CR,31
PE,PE,6,HH,01
PE,PE,44,HR,21
PE,PE,88,HR,31
PE,PE,176,HR,41
PE,PE,228,HR,51
PE,PE,447,HR,5A
PE,PE,334,HR,5I
PE,PE,426,HR,61
PE,PE,433,HR,6A
PE,PE,434,HR,6I
PE,PE,44,HW,21
PE,PE,88,HW,31
PE,PE,176,HW,41
PE,PE,228,HW,51
PE,PE,447,HW,5A
PE,PE,6,IR,01
PE,PE,44,IR,21
PE,PE,88,IR,31
PE,PE,176,IR,41
PE,PE,228,IR,51
PE,PE,447,IR,5A
PE,PE,334,IR,5I
PE,PE,426,IR,61
PE,PE,433,IR,6A
PE,PE,434,IR,6I
PE,PE,6,KR,01
PE,PE,44,KR,21
PE,PE,88,KR,31
PE,PE,176,KR,41
PE,PE,228,KR,51
PE,PE,447,KR,5A
PE,PE,334,KR,5I
PE,PE,426,KR,61
PE,PE,433,KR,6A
PE,PE,434,KR,6I
PE,PE,88,MR,31
PE,PE,44,PR,21
PE,PE,88,PR,31
PE,PE,176,PR,41
PE,PE,228,PR,51
PE,PE,447,PR,5A
PE,PE,334,PR,5I
PE,PE,426,PR,61
PE,PE,433,PR,6A
PE,PE,434,PR,6I
PE,PE,44,WI,21
PE,PE,88,WI,31
PE,PE,176,WI,41
PE,PE,176,GE,44
PE,PE,228,GE,52
PE,PE,447,GE,5B
PE,PE,334,GE,5I
PH,PH,61,BR,31
PH,PH,111,BR,3B
PH,PH,227,BR,41
PH,PH,298,BR,52
PH,PH,436,BR,61
PH,PH,510,BR,71
PH,PH,603,BR,82
PH,PH,227,CR,41
PH,PH,61,HR,31
PH,PH,111,HR,3B
PH,PH,227,HR,41
PH,PH,298,HR,52
PH,PH,436,HR,61
PH,PH,510,HR,71
PH,PH,603,HR,82
PH,PH,61,IR,31
PH,PH,111,IR,3B
PH,PH,227,IR,41
PH,PH,298,IR,52
PH,PH,436,IR,61
PH,PH,510,IR,71
PH,PH,603,IR,82
PH,PH,61,KR,31
PH,PH,111,KR,3B
PH,PH,227,KR,41
PH,PH,298,KR,52
PH,PH,436,KR,61
PH,PH,510,KR,71
PH,PH,603,KR,82
PH,PH,227,MR,41
PH,PH,111,OD,3A
PH,PH,603,OD,82
PH,PH,61,PR,31
PH,PH,111,PR,3B
PH,PH,227,PR,41
PH,PH,298,PR,52
PH,PH,436,PR,62
PH,PH,510,PR,71
PH,PH,603,PR,82
PH,PH,61,SQ,30
PH,PH,61,WI,31
PH,PH,111,WI,3A
PH,PH,227,GE,43
PH,PH,298,GE,52
PH,PH,510,GE,71
PH,PH,603,GE,81
RW,RW,43,BR,21
RW,RW,165,BR,41
RW,RW,252,BR,53
RW,RW,323,BR,5A
RW,RW,364,BR,61
RW,RW,468,BR,70
RW,RW,554,BR,81
RW,RW,624,BR,91
RW,RW,43,CR,21
RW,RW,165,CR,41
RW,RW,252,CR,53
RW,RW,364,CR,61
RW,RW,468,CR,70
RW,RW,554,CR,81
RW,RW,624,CR,91
RW,RW,422,HH,6A
RW,RW,43,HR,21
RW,RW,165,HR,41
RW,RW,252,HR,53
RW,RW,323,HR,5A
RW,RW,364,HR,61
RW,RW,449,HR,6I
RW,RW,468,HR,70
RW,RW,540,HR,7A
RW,RW,554,HR,81
RW,RW,607,HR,8A
RW,RW,624,HR,91
RW,RW,43,HW,21
RW,RW,165,HW,41
RW,RW,252,HW,52
RW,RW,422,IQ,6A
RW,RW,43,IR,21
RW,RW,165,IR,41
RW,RW,252,IR,53
RW,RW,323,IR,5A
RW,RW,364,IR,61
RW,RW,449,IR,6I
RW,RW,468,IR,70
RW,RW,540,IR,7A
RW,RW,554,IR,81
RW,RW,607,IR,8A
RW,RW,624,IR,91
RW,RW,43,KR,21
RW,RW,165,KR,41
RW,RW,252,KR,53
RW,RW,323,KR,5A
RW,RW,364,KR,61
RW,RW,449,KR,6I
RW,RW,468,KR,70
RW,RW,540,KR,7A
RW,RW,554,KR,81
RW,RW,607,KR,8A
RW,RW,624,KR,91
RW,RW,43,MR,21
RW,RW,165,MR,41
RW,RW,252,MR,53
RW,RW,323,MR,5A
RW,RW,364,MR,61
RW,RW,468,MR,70
RW,RW,554,MR,81
RW,RW,624,MR,91
RW,RW,43,PR,21
RW,RW,165,PR,41
RW,RW,252,PR,53
RW,RW,323,PR,5A
RW,RW,364,PR,61
RW,RW,449,PR,6I
RW,RW,468,PR,70
RW,RW,540,PR,7A
RW,RW,554,PR,81
RW,RW,607,PR,8A
RW,RW,624,PR,91
RW,RW,43,WI,21
RW,RW,165,WI,42
RW,RW,252,GE,54
RW,RW,323,GE,5B
RW,RW,364,GE,61
RW,RW,468,GE,72
RW,RW,554,GE,81
RW,RW,607,GE,8A
RW,RW,624,GE,91
ST,ST,318,BR,51
ST,ST,318,CR,51
ST,ST,318,HR,51
ST,ST,318,IR,51
ST,ST,318,KR,51
ST,ST,318,MR,51
ST,ST,318,PR,51
SN,SN,3,BR,02
SN,SN,46,BR,21
SN,SN,81,BR,32
SN,SN,233,BR,4A
SN,SN,338,BR,5A
SN,SN,365,BR,61
SN,SN,423,BR,6D
SN,SN,457,BR,71
SN,SN,489,BR,7A
SN,SN,524,BR,7I
SN,SN,534,BR,7Z
SN,SN,580,BR,81
SN,SN,581,BR,8B
SN,SN,611,BR,8S
SN,SN,46,CR,21
SN,SN,81,CR,31
SN,SN,233,CR,4A
SN,SN,365,CR,61
SN,SN,457,CR,71
SN,SN,489,CR,7A
SN,SN,524,CR,7I
SN,SN,534,CR,7Z
SN,SN,580,CR,81
SN,SN,581,CR,8B
SN,SN,611,CR,8S
SN,SN,3,HH,01
SN,SN,166,HH,41
SN,SN,46,HR,21
SN,SN,81,HR,32
SN,SN,233,HR,4A
SN,SN,293,HR,51
SN,SN,338,HR,5A
SN,SN,365,HR,61
SN,SN,423,HR,6D
SN,SN,457,HR,71
SN,SN,489,HR,7A
SN,SN,524,HR,7I
SN,SN,534,HR,7Z
SN,SN,580,HR,81
SN,SN,581,HR,8B
SN,SN,587,HR,8I
SN,SN,611,HR,8S
SN,SN,3,HW,02
SN,SN,46,HW,21
SN,SN,233,HW,4A
SN,SN,166,IQ,41
SN,SN,3,IR,02
SN,SN,46,IR,21
SN,SN,81,IR,32
SN,SN,233,IR,4A
SN,SN,293,IR,51
SN,SN,338,IR,5A
SN,SN,365,IR,61
SN,SN,423,IR,6D
SN,SN,457,IR,71
SN,SN,489,IR,7A
SN,SN,524,IR,7I
SN,SN,534,IR,7Z
SN,SN,580,IR,81
SN,SN,581,IR,8B
SN,SN,587,IR,8I
SN,SN,611,IR,8S
SN,SN,3,KR,01
SN,SN,46,KR,21
SN,SN,81,KR,32
SN,SN,233,KR,4A
SN,SN,293,KR,51
SN,SN,338,KR,5A
SN,SN,365,KR,61
SN,SN,423,KR,6D
SN,SN,457,KR,71
SN,SN,489,KR,7A
SN,SN,524,KR,7I
SN,SN,534,KR,7Z
SN,SN,580,KR,81
SN,SN,581,KR,8B
SN,SN,587,KR,8I
SN,SN,611,KR,8S
SN,SN,166,ML,41
SN,SN,46,MR,21
SN,SN,81,MR,31
SN,SN,233,MR,4A
SN,SN,365,MR,61
SN,SN,457,MR,71
SN,SN,489,MR,7A
SN,SN,524,MR,7I
SN,SN,534,MR,7Z
SN,SN,580,MR,81
SN,SN,581,MR,8B
SN,SN,611,MR,8S
SN,SN,46,PR,21
SN,SN,81,PR,32
SN,SN,233,PR,4A
SN,SN,293,PR,51
SN,SN,338,PR,5A
SN,SN,365,PR,61
SN,SN,423,PR,6D
SN,SN,457,PR,71
SN,SN,489,PR,7A
SN,SN,524,PR,7I
SN,SN,534,PR,7Z
SN,SN,580,PR,81
SN,SN,581,PR,8B
SN,SN,587,PR,8I
SN,SN,611,PR,8S
SN,SN,46,SQ,22
SN,SN,81,WI,32
SN,SN,46,GE,23
SN,SN,81,GE,32
SN,SN,233,GE,4B
SN,SN,338,GE,5A
SN,SN,365,GE,61
SN,SN,423,GE,6A
SN,SN,457,GE,71
SN,SN,489,GE,7A
SN,SN,524,GE,7I
SN,SN,534,GE,7R
SN,SN,580,GE,81
SN,SN,581,GE,8B
SN,SN,587,GE,8I
SN,SN,611,GE,8R
SL,SL,324,BR,51
SL,SL,450,BR,61
SL,SL,545,BR,7A
SL,SL,324,CR,51
SL,SL,450,CR,61
SL,SL,545,CR,7A
SL,SL,324,HR,51
SL,SL,450,HR,61
SL,SL,515,HR,73
SL,SL,545,HR,7A
SL,SL,324,IR,51
SL,SL,450,IR,61
SL,SL,515,IR,73
SL,SL,545,IR,7A
SL,SL,324,KR,51
SL,SL,450,KR,61
SL,SL,515,KR,73
SL,SL,545,KR,7A
SL,SL,324,MR,51
SL,SL,450,MR,61
SL,SL,545,MR,7A
SL,SL,324,PR,51
SL,SL,450,PR,61
SL,SL,515,PR,73
SL,SL,545,PR,7A
SL,SL,324,GE,53
SL,SL,450,GE,61
SL,SL,515,GE,71
SL,SL,545,GE,7A
ZA,ZA,113,BR,31
ZA,ZA,390,BR,71
ZA,ZA,390,CR,71
ZA,ZA,113,HR,31
ZA,ZA,390,HR,71
ZA,ZA,113,IR,31
ZA,ZA,390,IR,71
ZA,ZA,113,KR,31
ZA,ZA,390,KR,71
ZA,ZA,390,MR,71
ZA,ZA,390,OD,71
ZA,ZA,113,PR,31
ZA,ZA,390,PR,71
ZA,ZA,113,WI,31
ZA,ZA,390,GE,71
LK,LK,19,BR,02
LK,LK,19,HH,01
LK,LK,19,HW,02
LK,LK,19,IR,02
LK,LK,19,KR,01
SD,SD,29,BR,02
SD,SD,29,HH,01
SD,SD,29,IR,02
SD,SD,29,KR,01
TJ,TJ,384,BR,61
TJ,TJ,521,BR,72
TJ,TJ,608,BR,81
TJ,TJ,384,HR,61
TJ,TJ,521,HR,72
TJ,TJ,608,HR,81
TJ,TJ,384,IR,61
TJ,TJ,521,IR,72
TJ,TJ,608,IR,81
TJ,TJ,384,KR,61
TJ,TJ,521,KR,72
TJ,TJ,608,KR,81
TJ,TJ,384,PR,61
TJ,TJ,521,PR,72
TJ,TJ,608,PR,81
TJ,TJ,384,GE,61
TJ,TJ,521,GE,71
TJ,TJ,608,GE,81
TZ,TZ,41,BR,21
TZ,TZ,82,BR,3A
TZ,TZ,167,BR,41
TZ,TZ,253,BR,4I
TZ,TZ,304,BR,51
TZ,TZ,345,BR,63
TZ,TZ,393,BR,6A
TZ,TZ,485,BR,7B
TZ,TZ,578,BR,82
TZ,TZ,41,CR,21
TZ,TZ,82,CR,3A
TZ,TZ,167,CR,41
TZ,TZ,253,CR,4I
TZ,TZ,345,CR,63
TZ,TZ,485,CR,7B
TZ,TZ,578,CR,82
TZ,TZ,67,HH,31
TZ,TZ,41,HR,21
TZ,TZ,82,HR,3A
TZ,TZ,167,HR,41
TZ,TZ,234,HR,4A
TZ,TZ,253,HR,4I
TZ,TZ,304,HR,51
TZ,TZ,345,HR,63
TZ,TZ,393,HR,6A
TZ,TZ,485,HR,7B
TZ,TZ,529,HR,7I
TZ,TZ,578,HR,82
TZ,TZ,41,HW,21
TZ,TZ,82,HW,3A
TZ,TZ,167,HW,41
TZ,TZ,253,HW,4I
TZ,TZ,67,IQ,31
TZ,TZ,41,IR,21
TZ,TZ,82,IR,3A
TZ,TZ,167,IR,41
TZ,TZ,234,IR,4A
TZ,TZ,253,IR,4I
TZ,TZ,304,IR,51
TZ,TZ,345,IR,63
TZ,TZ,393,IR,6A
TZ,TZ,485,IR,7B
TZ,TZ,529,IR,7I
TZ,TZ,578,IR,82
TZ,TZ,41,KR,21
TZ,TZ,82,KR,3A
TZ,TZ,167,KR,41
TZ,TZ,253,KR,4I
TZ,TZ,304,KR,51
TZ,TZ,345,KR,63
TZ,TZ,393,KR,6A
TZ,TZ,485,KR,7B
TZ,TZ,529,KR,7I
TZ,TZ,578,KR,82
TZ,TZ,67,ML,31
TZ,TZ,41,MR,21
TZ,TZ,82,MR,3A
TZ,TZ,167,MR,41
TZ,TZ,253,MR,4I
TZ,TZ,345,MR,61
TZ,TZ,485,MR,7B
TZ,TZ,578,MR,82
TZ,TZ,41,PR,21
TZ,TZ,82,PR,3A
TZ,TZ,167,PR,41
TZ,TZ,234,PR,4A
TZ,TZ,253,PR,4I
TZ,TZ,304,PR,51
TZ,TZ,345,PR,63
TZ,TZ,393,PR,6A
TZ,TZ,485,PR,7B
TZ,TZ,529,PR,7I
TZ,TZ,578,PR,82
TZ,TZ,41,SQ,21
TZ,TZ,82,WI,3A
TZ,TZ,167,WI,41
TZ,TZ,167,GE,43
TZ,TZ,234,GE,4C
TZ,TZ,304,GE,52
TZ,TZ,345,GE,61
TZ,TZ,393,GE,6A
TZ,TZ,485,GE,7A
TZ,TZ,529,GE,7I
TZ,TZ,578,GE,81
TH,TH,13,BR,01
TH,TH,13,HH,01
TH,TH,13,HW,01
TH,TH,13,IR,01
TH,TH,13,KR,01
TH,TH,13,SQ,01
TL,TL,340,BR,61
TL,TL,514,BR,71
TL,TL,340,CR,61
TL,TL,514,CR,71
TL,TL,340,HR,61
TL,TL,514,HR,71
TL,TL,340,IR,61
TL,TL,514,IR,71
TL,TL,340,KR,61
TL,TL,514,KR,71
TL,TL,340,MR,61
TL,TL,514,MR,71
TL,TL,340,PR,61
TL,TL,514,PR,71
TL,TL,340,GE,62
TL,TL,514,GE,71
TG,TG,22,BR,01
TG,TG,114,BR,31
TG,TG,328,BR,61
TG,TG,114,CR,31
TG,TG,328,CR,61
TG,TG,22,HH,01
TG,TG,114,HR,31
TG,TG,328,HR,61
TG,TG,497,HR,71
TG,TG,22,HW,01
TG,TG,114,HW,31
TG,TG,22,IR,01
TG,TG,114,IR,31
TG,TG,328,IR,61
TG,TG,497,IR,71
TG,TG,22,KR,01
TG,TG,114,KR,31
TG,TG,328,KR,61
TG,TG,497,KR,71
TG,TG,114,MR,31
TG,TG,328,MR,61
TG,TG,114,PR,31
TG,TG,328,PR,61
TG,TG,497,PR,71
TG,TG,22,SQ,01
TG,TG,114,WI,31
TG,TG,22,GE,03
TG,TG,114,GE,32
TG,TG,328,GE,62
TG,TG,497,GE,71
TT,TT,18,BR,01
TT,TT,18,HH,01
TT,TT,18,HW,01
TT,TT,18,IR,01
TT,TT,18,KR,01
TN,TN,26,BR,02
TN,TN,26,HH,01
TN,TN,26,HW,02
TN,TN,26,IR,02
TN,TN,26,KR,01
TN,TN,26,SQ,01
TR,TR,60,BR,31
TR,TR,168,BR,41
TR,TR,326,BR,4A
TR,TR,547,BR,51
TR,TR,486,BR,62
TR,TR,548,BR,71
TR,TR,168,CR,41
TR,TR,60,HR,31
TR,TR,168,HR,41
TR,TR,326,HR,4A
TR,TR,547,HR,51
TR,TR,486,HR,62
TR,TR,548,HR,71
TR,TR,60,HW,31
TR,TR,168,HW,41
TR,TR,326,HW,4A
TR,TR,60,IR,31
TR,TR,168,IR,41
TR,TR,326,IR,4A
TR,TR,547,IR,51
TR,TR,486,IR,62
TR,TR,548,IR,71
TR,TR,60,KR,31
TR,TR,168,KR,41
TR,TR,326,KR,4A
TR,TR,547,KR,51
TR,TR,486,KR,62
TR,TR,548,KR,71
TR,TR,168,MR,41
TR,TR,60,PR,31
TR,TR,168,PR,41
TR,TR,326,PR,4A
TR,TR,547,PR,51
TR,TR,486,PR,62
TR,TR,548,PR,71
TR,TR,60,WI,31
TR,TR,168,WI,41
UG,UG,27,BR,01
UG,UG,76,BR,33
UG,UG,169,BR,41
UG,UG,266,BR,52
UG,UG,332,BR,5A
UG,UG,399,BR,61
UG,UG,504,BR,7B
UG,UG,76,CR,33
UG,UG,169,CR,41
UG,UG,266,CR,52
UG,UG,399,CR,61
UG,UG,504,CR,7B
UG,UG,27,HH,01
UG,UG,133,HH,3A
UG,UG,76,HR,33
UG,UG,169,HR,41
UG,UG,266,HR,52
UG,UG,332,HR,5A
UG,UG,399,HR,61
UG,UG,373,HR,6A
UG,UG,484,HR,72
UG,UG,504,HR,7B
UG,UG,549,HR,7I
UG,UG,620,HR,91
UG,UG,27,HW,01
UG,UG,76,HW,33
UG,UG,169,HW,41
UG,UG,133,IQ,3B
UG,UG,27,IR,01
UG,UG,76,IR,33
UG,UG,169,IR,41
UG,UG,266,IR,52
UG,UG,332,IR,5A
UG,UG,399,IR,61
UG,UG,373,IR,6A
UG,UG,484,IR,72
UG,UG,504,IR,7B
UG,UG,549,IR,7I
UG,UG,620,IR,91
UG,UG,27,KR,01
UG,UG,76,KR,33
UG,UG,169,KR,41
UG,UG,266,KR,52
UG,UG,332,KR,5A
UG,UG,399,KR,61
UG,UG,484,KR,72
UG,UG,504,KR,7B
UG,UG,549,KR,7I
UG,UG,620,KR,91
UG,UG,133,ML,3A
UG,UG,76,MR,33
UG,UG,169,MR,41
UG,UG,266,MR,52
UG,UG,399,MR,61
UG,UG,504,MR,7B
UG,UG,373,OD,6A
UG,UG,76,PR,33
UG,UG,169,PR,41
UG,UG,266,PR,52
UG,UG,332,PR,5A
UG,UG,399,PR,61
UG,UG,373,PR,6A
UG,UG,484,PR,72
UG,UG,504,PR,7B
UG,UG,549,PR,7I
UG,UG,620,PR,91
UG,UG,27,SQ,01
UG,UG,76,SQ,33
UG,UG,76,WI,33
UG,UG,169,WI,41
UG,UG,169,GE,43
UG,UG,266,GE,53
UG,UG,332,GE,5A
UG,UG,399,GE,61
UG,UG,373,GE,6A
UG,UG,484,GE,71
UG,UG,504,GE,7A
UG,UG,549,GE,7I
UG,UG,620,GE,91
UA,UA,280,BR,51
UA,UA,280,CR,51
UA,UA,280,HR,51
UA,UA,280,IR,51
UA,UA,280,KR,51
UA,UA,280,MR,51
UA,UA,280,PR,51
UZ,UZ,94,BR,31
UZ,UZ,213,HH,49
UZ,UZ,94,HR,31
UZ,UZ,94,HW,31
UZ,UZ,213,IQ,49
UZ,UZ,94,IR,31
UZ,UZ,94,KR,31
UZ,UZ,213,ML,49
UZ,UZ,94,PR,31
UZ,UZ,94,WI,31
UZ,UZ,213,GE,42
VN,VN,100,BR,31
VN,VN,209,BR,41
VN,VN,100,HR,31
VN,VN,209,HR,41
VN,VN,261,HR,52
VN,VN,100,IR,31
VN,VN,209,IR,41
VN,VN,261,IR,52
VN,VN,100,KR,31
VN,VN,209,KR,41
VN,VN,100,PR,31
VN,VN,209,PR,41
VN,VN,261,PR,53
VN,VN,100,SQ,31
VN,VN,209,SQ,41
VN,VN,100,WI,31
VN,VN,209,WI,41
YE,YE,36,BR,21
YE,YE,358,BR,61
YE,YE,36,HR,21
YE,YE,358,HR,61
YE,YE,36,HW,21
YE,YE,36,IR,21
YE,YE,358,IR,61
YE,YE,36,KR,21
YE,YE,358,KR,61
YE,YE,36,PR,21
YE,YE,358,PR,61
ZM,ZM,51,BR,21
ZM,ZM,90,BR,31
ZM,ZM,206,BR,42
ZM,ZM,278,BR,51
ZM,ZM,406,BR,61
ZM,ZM,542,BR,71
ZM,ZM,610,BR,81
ZM,ZM,90,CR,31
ZM,ZM,206,CR,42
ZM,ZM,278,CR,51
ZM,ZM,406,CR,61
ZM,ZM,542,CR,71
ZM,ZM,610,CR,81
ZM,ZM,51,HR,21
ZM,ZM,90,HR,31
ZM,ZM,206,HR,42
ZM,ZM,278,HR,51
ZM,ZM,406,HR,61
ZM,ZM,542,HR,71
ZM,ZM,610,HR,81
ZM,ZM,51,HW,21
ZM,ZM,90,HW,31
ZM,ZM,206,HW,42
ZM,ZM,51,IR,21
ZM,ZM,90,IR,31
ZM,ZM,206,IR,42
ZM,ZM,278,IR,51
ZM,ZM,406,IR,61
ZM,ZM,542,IR,71
ZM,ZM,610,IR,81
ZM,ZM,51,KR,21
ZM,ZM,90,KR,31
ZM,ZM,206,KR,42
ZM,ZM,278,KR,51
ZM,ZM,406,KR,61
ZM,ZM,542,KR,71
ZM,ZM,610,KR,81
ZM,ZM,90,MR,31
ZM,ZM,206,MR,41
ZM,ZM,278,MR,51
ZM,ZM,406,MR,61
ZM,ZM,542,MR,71
ZM,ZM,610,MR,81
ZM,ZM,51,PR,21
ZM,ZM,90,PR,31
ZM,ZM,206,PR,43
ZM,ZM,278,PR,51
ZM,ZM,406,PR,61
ZM,ZM,542,PR,71
ZM,ZM,610,PR,81
ZM,ZM,90,WI,31
ZM,ZM,206,WI,41
ZM,ZM,278,GE,52
ZM,ZM,406,GE,61
ZM,ZM,542,GE,71
ZM,ZM,610,GE,81
ZW,ZW,21,BR,01
ZW,ZW,64,BR,31
ZW,ZW,184,BR,42
ZW,ZW,260,BR,52
ZW,ZW,367,BR,62
ZW,ZW,475,BR,72
ZW,ZW,64,CR,31
ZW,ZW,184,CR,41
ZW,ZW,260,CR,52
ZW,ZW,367,CR,62
ZW,ZW,475,CR,72
ZW,ZW,21,HH,01
ZW,ZW,64,HR,31
ZW,ZW,184,HR,42
ZW,ZW,260,HR,52
ZW,ZW,367,HR,62
ZW,ZW,475,HR,72
ZW,ZW,21,HW,01
ZW,ZW,64,HW,31
ZW,ZW,184,HW,41
ZW,ZW,260,HW,51
ZW,ZW,21,IR,01
ZW,ZW,64,IR,31
ZW,ZW,184,IR,42
ZW,ZW,260,IR,52
ZW,ZW,367,IR,62
ZW,ZW,475,IR,72
ZW,ZW,21,KR,01
ZW,ZW,64,KR,31
ZW,ZW,184,KR,42
ZW,ZW,260,KR,52
ZW,ZW,367,KR,62
ZW,ZW,475,KR,72
ZW,ZW,64,MR,31
ZW,ZW,184,MR,41
ZW,ZW,260,MR,52
ZW,ZW,367,MR,62
ZW,ZW,475,MR,72
ZW,ZW,64,PR,31
ZW,ZW,184,PR,42
ZW,ZW,260,PR,52
ZW,ZW,367,PR,62
ZW,ZW,475,PR,72
ZW,ZW,21,SQ,02
ZW,ZW,64,SQ,30
ZW,ZW,64,WI,31
ZW,ZW,184,WI,42
ZW,ZW,184,GE,42
ZW,ZW,260,GE,52
ZW,ZW,367,GE,61
ZW,ZW,475,GE,72
